﻿tts_sysno,c_personid,c_alt_name,c_alt_name_chn,c_alt_name_type_code,c_source,c_pages,c_secondary_source_author,c_notes,c_created_by,c_created_date,c_modified_by,c_modified_date,error_types
293,1343,,[n/a],0,,,,又作“馬珹”。,BDDWJ,20080322,,,
619,1759,,[n/a],0,,,,,TTS,20080426,,,Delete
2016,3591,朔齋,Shuozhai,5,9158,26,,,HVDCS,20080421,,,Interconvert
8528,20761,Yaoshan,臞 山,5,,,,,TTS,20070312,,,Blank
8942,21781,Yuyan,[n/a],0,7596,,,,TTS,20070312,,,
10398,24108,Boshou,[n/a],10,2506,40,,,NEUZZY,20121016,,,
12173,28487,□,□,4,32064,第三甲第一百四十七名,,,load,20130923,,,Delete
12305,28726,Siyuanzi,[n/a],5,9599,18614,,,PBOL,20110212,,,
12721,29591,□,□,4,32063,第三甲第一百八十二名,,,load,20130923,,,Delete
12722,29591,□,□,7,32063,第三甲第一百八十二名,,,load,20130923,,,Delete
13385,30212,□,□,4,32046,,,,load,20130923,,,Delete
13819,30595,□□,□□,4,32063,第二甲第九名,,,load,20130923,,,Delete
13915,30648,he   xi wei,禾 犀威,4,9602,15785,,,load,20130923,,,Blank
15424,33842,Chang□,昌□,4,32063,第二甲第九十三名,,,load,20130923,,,Somebody
16206,34745,Bi Yan　,畢自嚴　,3,32094,第二甲第二十一名,,,load,20130923,,,
17466,34897,Zhizhong,[n/a],0,,,,,TTS,20070312,,,
61091,35180,gong yong   ge,公甬 戈,4,9602,14524,,,load,20130923,,,Blank
18170,35222,Liuxiu　,六休　,4,32094,,,,load,20130923,,,
18986,38408,,[n/a],0,7596,,,,TTS,20070312,,,Delete
19469,39282,,[n/a],4,7596,,,,TTS,20070312,,,Delete
19540,39364,,[n/a],3,7596,,,父重榮敗，其軍校秦習匿而養之，因姓秦氏。習卒，行三年喪畢，乃還本姓。,TTS,20070312,,,
20666,41174,,[n/a],4,,,,Hartwell Notes,HUAM,20130415,,,
21207,41989,□yuan,□元,4,,,,,BDZHOUJIA,20070712,,,Somebody
22894,44685,朱熙積,[n/a],3,,,,,PBOL,20170729,,,
23566,45748,良仲,Liangzhong,4,9521,109,,,PBOL,20080816,,,Interconvert
24123,46785,□mei,□美,4,7596,12588,,,load,20100311,,,Somebody
29701,53975,,[n/a],0,7596,355,,,TTS,20090412,,,Delete
30004,54272,hou yan   yan,後言 弇,4,9602,16038,,,load,20130923,,,Blank
37648,59451,Hongchisong,洪 彳嵩,0,9602,2747,,參見《中央研究院歷史語言研究所內閣大庫檔案》。,load,20100825,,,Blank
41870,63517,Cang Jingyu　,倉景愉　,3,38286,2322,,,load,20150202,,,
47542,66907,□Gao,□高,4,32048,,,,load,20130923,,,Somebody
47643,66950,San　,三　,7,32048,,,,load,20130923,,,
47665,66962,□□,□□,4,32045,,,,load,20130923,,,Delete
47750,67000,□Ying,□英,4,32049,,,,load,20130923,,,Somebody
47990,67133,Ke□,克□,4,32045,,,,load,20130923,,,Somebody
48486,67396,Tingshi　,廷式　,4,32085,第二甲第七十七名,,,load,20130923,,,
49235,67744,□Feng,□鳳,4,32065,第一甲第三名,,,load,20130923,,,Somebody
49419,67820,□Shiqi,□十七,7,32057,第三甲第二百一十六名,,,load,20130923,,,Somebody
49505,67872,□Zhi,□直,4,32057,第二甲第三十五名,,,load,20130923,,,Somebody
49699,67949,□□,□□,4,32045,,,,load,20130923,,,Delete
49757,67972,□□,□□,4,32045,,,,load,20130923,,,Delete
49973,68056,□,□,4,32063,第三甲第一百一十名,,,load,20130923,,,Delete
49987,68061,□,□,7,32064,第二甲第一百一十二名,,,load,20130923,,,Delete
50162,68118,□Ying,□英,4,32065,第三甲第二名,,,load,20130923,,,Somebody
50210,68136,□□,□□,4,32063,第二甲第十名,,,load,20130923,,,Delete
50589,68284,□□,□□,4,32063,第三甲第十三名,,,load,20130923,,,Delete
50618,68289,□Qing,□卿,4,32064,第二甲第七十名,,,load,20130923,,,Somebody
50631,68292,□,□,4,32063,第二甲第四十九名,,,load,20130923,,,Delete
50672,68300,□□,□□,4,32063,第二甲第九十五名,,,load,20130923,,,Delete
51054,68428,□,□,7,32064,第三甲第一百五十五名,,,load,20130923,,,Delete
51055,68428,Xian□,獻□,4,32064,第三甲第一百五十五名,,,load,20130923,,,Somebody
51115,68457,Bo□,伯□,4,32067,第三甲第四十二名,,,load,20130923,,,Somebody
51238,68490,□,□,4,32064,第二甲第六十九名,,,load,20130923,,,Delete
51239,68490,□,□,7,32064,第二甲第六十九名,,,load,20130923,,,Delete
54055,71184,lei   yuan xuan,耒 員軒,4,9602,14113,,,load,20130923,,,Blank
60209,74604,yi leyao,Yi Leyao,5,9602,15403,,,load,20130923,,,Duplicate
65753,77736,li yide,Li Yide,17,9602,15003,,,load,20130923,,,Duplicate
67661,78797,zhi    hai,支  海,4,9602,14807,,,load,20130923,,,Blank
69345,79707,shen fucan,Shen Fucan,5,9602,14073,,,load,20130923,,,Duplicate
69734,79909,yu   fu xi jing she,魚 孚谿精舍,5,9602,14890,,,load,20130923,,,Blank
71507,80926,zhong zhu   xiang,仲竹 亯,4,9602,15348,,,load,20130923,,,Blank
107082,85349,ling    jiang lao ren,靈  疆老人,5,9602,15990,,,load,20130923,,,Blank
107088,85356,mu   shan tang,木 煔堂,5,9602,15992,,,load,20130923,,,Blank
80606,85990,gui zhongxing,Gui Zhongxing,5,9602,14641,,,load,20130923,,,Duplicate
80775,86077,tian   xin yuan,甜 心園,5,9602,15535,,,load,20130923,,,Blank
81337,86372,shi   chong kan,示 崇堪,5,9602,14585,,,load,20130923,,,Blank
81338,86372,shi   chong qu,示 崇癯,5,9602,14585,,,load,20130923,,,Blank
84585,87947,huang yi,Huang Yi,5,9602,15933,,,load,20130923,,,Duplicate
84873,88101,nv   xing yi shi,女 興藝室,5,9602,14997,,,load,20130923,,,Blank
,89568,Qianletanlaobuyi,凵 了潭老布衣,5,9602,16197,,皇清書史 2冊26卷,load,20180519,,,Blank
,89568,Xinqianle,新凵 了,5,9602,16197,,皇清書史 2冊26卷,load,20180519,,,Blank
87852,89808,han mengzhou,Han Mengzhou,5,9602,15436,,,load,20130923,,,Duplicate
89645,90804,Bingzhai,GF8F3##(左“舍”右“並”)齋,0,24308,23796,,,load,20100825,,,
91446,91823,Yuting,GF9A6##(左“忄”右“禹”)亭,0,24308,25030,,,load,20100825,,,
92100,92517,Jun□,君□,4,32039,(XJ)Zhenyuan60,,,load,20130923,,,Somebody
92548,93150,Yang Minggao,楊　名高,0,24309,pers01485,,,load,20100825,,,Blank
94116,95226,HE ZHI,[n/a],4,7596,2824.23,,,HHW,20100830,HHW,20100830,
94899,101272,Jing□,敬□,4,9599,1117,,,load,20110330,,,Somebody
96146,103585,Ren□,仁□,4,9599,3644,,,load,20110330,,,Somebody
98527,108032,Yuan□,元□,4,9599,8451,,,load,20110330,,,Somebody
99203,109089,□Gang,□綱,4,9599,9632,,,load,20110330,,,Somebody
101623,113278,□□,□□,5,9599,14230,,,load,20110330,,,Delete
102507,117582,Yi□,移□,4,9599,18639,,,load,20110330,,,Somebody
102558,117680,俊一,Junyi,7,27144,31.512,,胡助： 宋氏世譜記,PBOL,20170425,,,Interconvert
102780,118332,Lin Mo,[n/a],3,,,,,BDWSM,20140624,,,
102807,118475,Xiuyan,[n/a],5,38256,466,,,BDWSM,20140625,,,
103480,121067,岳慶圖,Yue Qingtu,0,9601,"MQWW PoetID #4218, HuWenKai #394",,,BDLXY,20111104,,,Interconvert
104063,123485,Canxia Laoren,[n/a],5,9601,"MQWW PoetID #63, HuWenKai #474",,,BDLXY,20120225,,,
104230,123695,charles george gordon,Charles George Gordon,3,9602,13341,,姓名,load,20130923,,,Duplicate
104249,123716,meo kin yuwan,Meo Kin yuwan,17,9602,13365,,,load,20130923,,,Duplicate
104573,124080,nakitai,nakitai,3,9602,13792,,名,load,20130923,,,Duplicate
104597,124100,sa er tu    zhe ku,薩爾圖  者庫,3,9602,13813,,異名,load,20130923,,,Blank
104610,124106,Mao Yi,懋 一,4,32081,第二甲第十一名,,,load,20130923,,,Blank
104617,124109,gu   ben qian,骨 本乾,4,9602,13823,,,load,20130923,,,Blank
104759,124256,duo luo an    xin jun wang,多羅安  心郡王,15,9602,13980,,,load,20130923,,,Blank
104851,124317,ri   liang yuan,日 良園,5,9602,14074,,,load,20130923,,,Blank
105242,124546,zhang yue   gao,張月 告,3,9602,14359,,異名,load,20130923,,,Blank
105570,124730,ke   xin min,殼 心敏,6,9602,14610,,,load,20130923,,,Blank
105638,124777,wei ke   xin,威殼 心,6,9602,14681,,,load,20130923,,,Blank
105663,124791,Liu　,六　,7,32075,第三甲第十四名,,,load,20130923,,,
105894,124900,Jang ši Yan,Jang ši Yan,17,9602,14850,,,load,20130923,,,
105968,124962,Yuan□,元□,4,32077,第三甲第二十五名,,,load,20130923,,,Somebody
106063,125017,sui coo dung,sui coo dung,17,9602,15041,,,load,20130923,,,Duplicate
106109,125049,shan   lu shan,山 盧山,5,9602,15077,,,load,20130923,,,Blank
106112,125049,zhang jia   chi,張佳 彳,3,9602,15077,,異名,load,20130923,,,Blank
106169,125085,zhuang ke   xin,壯殼 心,6,9602,15120,,,load,20130923,,,Blank
106172,125085,zhuang ke   xin,莊殼 心,6,9602,15120,,,load,20130923,,,Blank
106246,125137,ging k'o siyang,Ging K'o siyang,17,9602,15191,,,load,20130923,,,Duplicate
107351,125651,cao yang   fan,操羊 攵,5,9602,16040,,,load,20130923,,,Blank
107397,125662,amoy ku,Amoy Ku,17,9602,16051,,英文筆名,load,20130923,,,Duplicate
106717,125451,zhu yi yu   pang,朱儀雨 滂,3,9602,15717,,初名,load,20130923,,,Blank
106718,125451,zhu yi yu   pang,朱議雨 滂,3,9602,15717,,初名,load,20130923,,,Blank
107606,126352,Zibu　,子步　,4,32081,第三甲第三十二名,,,load,20130923,,,
107610,126355,□,□,4,32064,第三甲第一百八十三名,,,load,20130923,,,Delete
107611,126355,□,□,7,32064,第三甲第一百八十三名,,,load,20130923,,,Delete
107853,126471,□,□,7,32064,第二甲第三十七名,,,load,20130923,,,Delete
107971,126529,□□,□□,4,32063,第三甲第二名,,,load,20130923,,,Delete
108064,126576,Minshu　,敏叔　,4,32069,第三甲第一百四十二名,,,load,20130923,,,
108111,126599,□,□,4,32063,第三甲第八十六名,,,load,20130923,,,Delete
108112,126599,□,□,7,32063,第三甲第八十六名,,,load,20130923,,,Delete
108367,126724,Er　,二　,7,32058,第二甲第九十三名,,,load,20130923,,,
108693,126884,□Zhen,□振,4,32045,,,,load,20130923,,,Somebody
108767,126922,Jieshi　,介石　,5,32067,第三甲第九十七名,,,load,20130923,,,
108860,126973,□□,□□,4,32063,第三甲第一百六十一名,,,load,20130923,,,Delete
108922,127010,□Zhi,□之,4,32045,,,,load,20130923,,,Somebody
109302,127198,□□,□□,4,32063,第三甲第五十七名,,,load,20130923,,,Delete
109546,127314,Xiao□ Xiansheng,孝□先生,6,27147,1411,,缺字,load,20130923,,,Somebody
109882,127472,□Dai,□戴,4,32057,第二甲第三十九名,,,load,20130923,,,Somebody
109896,127479,□Cheng,□誠,4,32064,第三甲第四十一名,,,load,20130923,,,Somebody
110054,127556,□,□,7,32064,第三甲第七十五名,,,load,20130923,,,Delete
110196,127615,Ming□,銘□,4,32094,,,,load,20130923,,,Somebody
110207,127621,□□,□□,4,32094,,,,load,20130923,,,Delete
110305,127670,□,□,7,32057,第二甲第九十九名,,,load,20130923,,,Delete
110306,127670,□□,□□,4,32057,第二甲第九十九名,,,load,20130923,,,Delete
110375,127704,Gongning　,公寧　,4,32069,第三甲第一百八十一名,,,load,20130923,,,
110478,127752,Jiu□,九□,4,32094,,,,load,20130923,,,Somebody
110507,127765,Zhenmen　,震門　,4,32094,,,,load,20130923,,,
110668,127846,□Shi,□實,4,32073,第三甲第二十一名,,,load,20130923,,,Somebody
110760,127897,□Shan,□善,4,32057,第二甲第一百零三名,,,load,20130923,,,Somebody
110875,127952,□Tong,□同,4,32045,,,,load,20130923,,,Somebody
110885,127956,□Bin,□賓,4,32057,第三甲第二十名,,,load,20130923,,,Somebody
111250,128143,□,□,7,32051,第三甲第九十八名,,,load,20130923,,,Delete
111251,128143,□□,□□,4,32051,第三甲第九十八名,,,load,20130923,,,Delete
111421,128224,□,□,7,32057,第二甲第二名,,,load,20130923,,,Delete
111422,128224,□□,□□,4,32057,第二甲第二名,,,load,20130923,,,Delete
111458,128241,□□,□□,4,32057,第三甲第一百四十四名,,,load,20130923,,,Delete
111579,128306,Er　,二　,7,32058,第三甲第五十八名,,,load,20130923,,,
111909,128487,□,□,7,32057,第三甲第二百一十五名,,,load,20130923,,,Delete
111910,128487,Zong□,宗□,4,32057,第三甲第二百一十五名,,,load,20130923,,,Somebody
111954,128508,□,□,7,32063,第三甲第一百九十八名,,,load,20130923,,,Delete
111955,128508,□Zhi,□之,4,32063,第三甲第一百九十八名,,,load,20130923,,,Somebody
111999,128532,□,□,7,32063,第二甲第十三名,,,load,20130923,,,Delete
112000,128532,□□,□□,4,32063,第二甲第十三名,,,load,20130923,,,Delete
112390,128725,□Chang,□暢,4,32094,,,,load,20130923,,,Somebody
112407,128735,□,□,7,32045,,,,load,20130923,,,Delete
112408,128735,□□,□□,4,32045,,,,load,20130923,,,Delete
112414,128737,□,□,4,32086,第三甲第十九名,,,load,20130923,,,Delete
112418,128739,□Qing,□卿,4,32064,第三甲第三十九名,,,load,20130923,,,Somebody
113181,129129,□,□,4,32052,第三甲第六十名,,,load,20130923,,,Delete
113182,129129,□,□,7,32052,第三甲第六十名,,,load,20130923,,,Delete
113199,129136,□Zhi,□質,4,32057,第三甲第一百四十八名,,,load,20130923,,,Somebody
113419,129252,Zhong□,仲□,4,32045,,,,load,20130923,,,Somebody
113867,129491,□□,□□,4,32045,,,,load,20130923,,,Delete
114037,129585,Gong□,公□,4,32086,第三甲第一百零二名,,,load,20130923,,,Somebody
114297,129729,Liu　,六　,7,32075,第三甲第三名,,,load,20130923,,,
114361,129760,Ru□,汝□,4,32063,第三甲第一百一十八名,,,load,20130923,,,Somebody
114430,129795,Yong□,用□,4,32064,第三甲第一百五十名,,,load,20130923,,,Somebody
114499,129827,□Fu,□夫,4,32063,第三甲第一百一十五名,,,load,20130923,,,Somebody
115062,130115,□Ren,□仁,4,32064,第二甲第一名,,,load,20130923,,,Somebody
115209,130193,□Fu,□夫,4,32064,第三甲第八十四名,,,load,20130923,,,Somebody
115293,130237,□Ying,□英,4,32064,第三甲第一百四十五名,,,load,20130923,,,Somebody
115457,130311,□,□,7,32063,第二甲第三十八名,,,load,20130923,,,Delete
115718,130462,□,□,7,32064,第二甲第三十九名,,,load,20130923,,,Delete
115719,130462,□Fu,□復,4,32064,第二甲第三十九名,,,load,20130923,,,Somebody
116004,130612,□,□,4,32063,第三甲第一百七十三名,,,load,20130923,,,Delete
116017,130617,□,□,7,32057,第三甲第一百七十一名,,,load,20130923,,,Delete
116152,130687,□□,□□,4,32063,第二甲第九十四名,,,load,20130923,,,Delete
116176,130700,Er　,二　,7,32070,第二甲第六十九名,,,load,20130923,,,
116238,130733,□Yuan,□源,4,32094,,,,load,20130923,,,Somebody
116258,130744,□,□,4,32064,第二甲第六十八名,,,load,20130923,,,Delete
116259,130744,□,□,7,32064,第二甲第六十八名,,,load,20130923,,,Delete
116723,130960,Ting□,廷□,4,32057,第三甲第一百名,,,load,20130923,,,Somebody
116777,130991,□,□,4,32063,第三甲第一百零二名,,,load,20130923,,,Delete
116778,130991,□,□,7,32063,第三甲第一百零二名,,,load,20130923,,,Delete
116828,131017,□Qing,□卿,4,32063,第二甲第四十五名,,,load,20130923,,,Somebody
117079,131147,Liu　,六　,7,32075,第三甲第八十二名,,,load,20130923,,,
117149,131180,You□,有□,4,32086,第三甲第一百四十九名,,,load,20130923,,,Somebody
117201,131203,Tang Yin　,湯聘尹　,3,32089,第三甲第一百二十八名,,,load,20130923,,,
117399,131291,□,□,4,32063,第三甲第一百零六名,,,load,20130923,,,Delete
117796,131502,Min□,民□,4,32087,第一甲第三名,,,load,20130923,,,Somebody
117801,131505,Bangxiang　,邦相　,4,32089,第三甲第三百二十三名,,,load,20130923,,,
118545,131896,□□,□□,4,32045,,,,load,20130923,,,Delete
118582,131920,Er　,二　,7,32070,第二甲第十七名,,,load,20130923,,,
118904,132081,□,□,4,32063,第二甲第四十一名,,,load,20130923,,,Delete
118905,132081,□,□,7,32063,第二甲第四十一名,,,load,20130923,,,Delete
119123,132198,Zhao Xiang　,趙雲翔　,3,32089,第三甲第二百七十八名,,,load,20130923,,,
119413,132348,□Xiu,□修,4,32054,第二甲第八十二名,,,load,20130923,,,Somebody
119494,132393,□Da,□大,4,32045,,,,load,20130923,,,Somebody
120190,132751,Liushiqi　,六十七　,7,32072,第三甲第一百零一名,,,load,20130923,,,
120281,132796,Zhongxiu　,仲修　,4,32072,第三甲第九十二名,,,load,20130923,,,
120315,132812,Jing□,景□,4,32063,第三甲第二十五名,,,load,20130923,,,Somebody
120330,132817,Dong□,東□,4,32065,第三甲第一百七十九名,,,load,20130923,,,Somebody
120357,132826,Su□,素□,4,32057,第三甲第八十四名,,,load,20130923,,,Somebody
120507,132905,□Ji,□紀,4,32045,,,,load,20130923,,,Somebody
120544,132922,□,□,4,32063,第二甲第四十二名,,,load,20130923,,,Delete
120545,132922,□,□,7,32063,第二甲第四十二名,,,load,20130923,,,Delete
120798,133052,□,□,4,32064,第二甲第七十一名,,,load,20130923,,,Delete
120872,133086,Xingzhi　,行之　,4,32069,第三甲第一百零八名,,,load,20130923,,,
121167,133233,Wu　,五　,7,32075,第二甲第六十七名,,,load,20130923,,,
121306,133321,□□,□□,4,32063,第三甲第七十三名,,,load,20130923,,,Delete
121929,133631,□□,□□,4,32063,第二甲第五十八名,,,load,20130923,,,Delete
122044,133685,□□,□□,4,32063,第三甲第八十二名,,,load,20130923,,,Delete
122860,135727,,[n/a],4,27864,208,,,HUCW,20130417,HUCW,20130717,Delete
122861,135727,,[n/a],5,27864,208,,,HUCW,20130417,HUCW,20130717,Delete
123156,138788,□Ben,□本,4,32038,Zhenguan 73,,,load,20130923,,,Somebody
123164,138801,□,□,4,32038,Zhenguan 86,,,load,20130923,,,Delete
123187,138833,Da□Yun,大□雲,0,32038,Zhenguan 118,,,load,20130923,,,Somebody
123287,138986,□Ming,□明,4,32038,Yonghui 68,,,load,20130923,,,Somebody
123310,139017,□,□,4,32038,Yonghui 99,,,load,20130923,,,Delete
123332,139046,□Jie,□節,4,32038,Yonghui 128,,,load,20130923,,,Somebody
123401,139140,□,□,4,32038,Xianqing 74,,,load,20130923,,,Delete
123454,139223,Xiao□,孝□,4,32038,Xianqing 156,,,load,20130923,,,Somebody
123462,139232,□Zhang,□璋,4,32038,Xianqing 165,,,load,20130923,,,Somebody
122517,139361,□□,□□,4,32038,Chuigong 56,,,load,20130923,,,Delete
123551,139433,Wen□,文□,4,32038,Linde 24,,,load,20130923,,,Somebody
123552,139434,□,□,4,32038,Linde 25,,,load,20130923,,,Delete
123599,139516,□Tun,□屯,4,32038,Qianfeng 37,,,load,20130923,,,Somebody
123638,139570,Dai□,代□,4,32038,Zongzhang 34,,,load,20130923,,,Somebody
123673,139622,□Da,□達,4,32038,Xianheng 43,,,load,20130923,,,Somebody
122215,139693,Mu□,穆□,4,32038,Yifeng 3,,,load,20130923,,,Somebody
122224,139708,□Wei,□威,4,32038,Yifeng 18,,,load,20130923,,,Somebody
122233,139725,□□,□□,4,32038,Yifeng 35,,,load,20130923,,,Delete
122268,139779,Hai□,還□,4,32038,Yongchun 1,,,load,20130923,,,Somebody
122357,139909,Ti□,體□,4,32038,Jinglong 48,,,load,20130923,,,Somebody
122419,140014,□□,□□,4,32038,Wansuitongtian 23,,,load,20130923,,,Delete
123759,140292,□□,□□,4,32038,Kaiyuan 17,,,load,20130923,,,Delete
123827,140396,Null,,6,32038,Kaiyuan 122,,,load,20130923,,,
123883,140481,Yu□,裕□,4,32038,Kaiyuan 212,,,load,20130923,,,Somebody
124029,140677,□Ling,□齡,4,32038,Kaiyuan 315,,,load,20130923,,,Somebody
124030,140678,Jing□,景□,4,32039,(XJ)Tiaolu7,,,load,20130923,,,Somebody
124102,140786,□,□,4,32038,Kaiyuan 520,,,load,20130923,,,Delete
124138,140848,□□,□□,4,32038,Tianbao 43,,,load,20130923,,,Delete
124162,140885,□□,□□,4,32038,Tianbao 80,,,load,20130923,,,Delete
124256,141031,□□,□□,4,32038,Tianbao 227,,,load,20130923,,,Delete
124275,141065,□□,□□,4,32038,Tianbao 261,,,load,20130923,,,Delete
124318,141136,□Qing,□卿,4,32038,Xiansheng 1,,,load,20130923,,,Somebody
124385,141250,□□,□□,4,32038,Jianzhong 19,,,load,20130923,,,Delete
124398,141280,Bi□,毖□,4,32038,Zhenyuan 30,,,load,20130923,,,Somebody
124411,141297,Shi□,十□,4,32038,Zhenyuan 47,,,load,20130923,,,Somebody
124537,141536,□□,□□,4,32038,Changqing 8,,,load,20130923,,,Delete
124567,141592,□□,□□,4,32038,Dahe 11,,,load,20130923,,,Delete
124577,141607,□Dao,□道,4,32038,Dahe 27,,,load,20130923,,,Somebody
124621,141678,Ci□,次□,4,32038,Dahe 98,,,load,20130923,,,Somebody
124676,141768,De□,德□,4,32038,Kaicheng 36,,,load,20130923,,,Somebody
124688,141793,□,□,4,32038,Huichang 7,,,load,20130923,,,Delete
124853,142099,□□,□□,4,32038,Qianfu 31,,,load,20130923,,,Delete
124862,142111,Jing□,敬□,4,32038,Guangming 7,,,load,20130923,,,Somebody
124875,142134,Guang□,廣□,4,32038,Dashun 4,,,load,20130923,,,Somebody
124896,142188,Ling□,靈□,4,32038,canzhi42,,,load,20130923,,,Somebody
124927,142255,Dazhi□,大智□,19,32039,(XJ)Zhenguan30,,,load,20130923,,,Somebody
124934,142274,Hui□,慧□,0,32039,(XJ)Zhenguan49,,,load,20130923,,,Somebody
124956,142302,□Zhi,□志,4,32039,(XJ)Jiushi1,,,load,20130923,,,Somebody
124971,142318,□□,□□,4,32039,(XJ)Changan3,,,load,20130923,,,Delete
124973,142323,□,□,4,32039,(XJ)Changan8,,,load,20130923,,,Delete
124989,142350,□Yuan,□元,4,32039,(XJ)Shenlong10,,,load,20130923,,,Somebody
125002,142372,□Gong,□恭,4,32039,(XJ)Jinglong9,,,load,20130923,,,Somebody
125019,142414,□□,□□,4,32039,(XJ)Yonghui9,,,load,20130923,,,Delete
125076,142509,□□ fashi,□□法師,19,32039,(XJ)Longshuo2,,,load,20130923,,,Somebody
125088,142526,□,□,4,32039,(XJ)Longshuo19,,,load,20130923,,,Delete
125133,142590,Jia□,嘉□,4,32039,(XJ)Zongzhang4,,,load,20130923,,,Somebody
125146,142609,□□,□□,4,32039,(XJ)Xianheng12,,,load,20130923,,,Delete
125149,142611,□Wei,□威,4,32039,(XJ)Xianheng14,,,load,20130923,,,Somebody
125159,142628,□Zong,□宗,4,32039,(XJ)Xianheng31,,,load,20130923,,,Somebody
125214,142708,□Ye,□業,4,32039,(XJ)Guangzhai2,,,load,20130923,,,Somebody
125263,142770,□□,□□,4,32039,(XJ)Changshou3,,,load,20130923,,,Delete
125267,142776,□Gai,□該,4,32039,(XJ)Changshou9,,,load,20130923,,,Somebody
125292,142814,□,□,4,32039,(XJ)Shengong4,,,load,20130923,,,Delete
125297,142823,□Zheng,□政,4,32039,(XJ)Jingyun3,,,load,20130923,,,Somebody
125348,142911,□Zhen,□禎,4,32039,(XJ)Kaiyuan82,,,load,20130923,,,Somebody
125353,142921,□□,□□,4,32039,(XJ)Kaiyuan93,,,load,20130923,,,Delete
125621,143311,□,□,4,32039,(XJ)Changqing8,,,load,20130923,,,Delete
126659,152496,Si□,四□,4,32038,Kaiyuan 361,,,load,20130923,,,Somebody
126680,161607,Mu□,慕□,4,32038,Jingfu 3,,,load,20130923,,,Somebody
126681,161608,Yan□,言□,4,32038,Jingfu 3,,,load,20130923,,,Somebody
126691,169032,Xing□,行□,4,32039,(XJ)Shengli17,,君諱恭，字，隴西之甲族。曾祖，,load,20130923,,,Somebody
126843,198155,□,□,7,32050,第二甲第三十八名,,,load,20130923,,,Delete
126907,198187,□□,□□,4,32050,第三甲第十六名,,,load,20130923,,,Delete
127219,198342,Shou□,受□,4,32051,第二甲第一百二十名,,,load,20130923,,,Somebody
127326,198396,□,□,7,32051,第三甲第六十一名,,,load,20130923,,,Delete
127450,198458,□,□,7,32051,第三甲第一百四十一名,,,load,20130923,,,Delete
127451,198458,Guang□,廣□,4,32051,第三甲第一百四十一名,,,load,20130923,,,Somebody
127486,198476,□,□,7,32051,第三甲第一百七十二名,,,load,20130923,,,Delete
127487,198476,□□,□□,4,32051,第三甲第一百七十二名,,,load,20130923,,,Delete
127545,198505,Xian□,憲□,4,32051,第三甲第二百一十一名,,,load,20130923,,,Somebody
127650,198558,□Zhi,□之,4,32084,第二甲第六十六名,,,load,20130923,,,Somebody
128163,198814,Shide　,師德　,4,32052,第三甲第五十八名,,,load,20130923,,,
128209,198837,Duanben　,端本　,4,32052,第三甲第八十四名,,,load,20130923,,,
128215,198840,Raochu　,饒初　,4,32052,第三甲第八十七名,,,load,20130923,,,
128331,198898,□,□,4,32053,第三甲第八名,,,load,20130923,,,Delete
128332,198898,□,□,7,32053,第三甲第八名,,,load,20130923,,,Delete
128349,198907,□Wang,□王,4,32053,第三甲第二十四名,,,load,20130923,,,Somebody
128435,198950,□Zhi,□之,4,32053,第三甲第七十九名,,,load,20130923,,,Somebody
128450,198957,Ting□,廷□,4,32053,第三甲第八十八名,,,load,20130923,,,Somebody
128523,198994,□Rui,□瑞,4,32053,第三甲第一百四十名,,,load,20130923,,,Somebody
129211,199338,□Zhong,□中,4,32055,第三甲第二十八名,,,load,20130923,,,Somebody
129353,199409,San　,三　,7,32055,第三甲第一百二十二名,,,load,20130923,,,
129546,199504,Hanzhi　,翰之　,4,32085,第三甲第十名,,,load,20130923,,,
129678,199569,Yuan□,源□,4,32085,第三甲第九十名,,,load,20130923,,,Somebody
130349,199904,□Yu,□玉,4,32057,第二甲第五十五名,,,load,20130923,,,Somebody
130391,199925,□Cheng,□誠,4,32057,第二甲第八十八名,,,load,20130923,,,Somebody
130405,199932,□□,□□,4,32057,第二甲第九十六名,,,load,20130923,,,Delete
130409,199934,□□,□□,4,32057,第二甲第一百名,,,load,20130923,,,Delete
130423,199941,□Ting,□庭,4,32057,第三甲第四名,,,load,20130923,,,Somebody
130427,199943,□Mei,□美,4,32057,第三甲第七名,,,load,20130923,,,Somebody
130457,199958,□Zhi,□之,4,32057,第三甲第二十八名,,,load,20130923,,,Somebody
130501,199980,□,□,7,32057,第三甲第五十六名,,,load,20130923,,,Delete
130513,199986,□□,□□,4,32057,第三甲第六十四名,,,load,20130923,,,Delete
130521,199990,□,□,4,32057,第三甲第六十八名,,,load,20130923,,,Delete
130522,199990,□,□,7,32057,第三甲第六十八名,,,load,20130923,,,Delete
130527,199993,□Yi,□宜,4,32057,第三甲第七十一名,,,load,20130923,,,Somebody
130529,199994,□,□,7,32057,第三甲第七十二名,,,load,20130923,,,Delete
130530,199994,□□,□□,4,32057,第三甲第七十二名,,,load,20130923,,,Delete
130536,199997,Yun□,允□,4,32057,第三甲第七十六名,,,load,20130923,,,Somebody
130557,200008,□Qi,□器,4,32057,第三甲第九十二名,,,load,20130923,,,Somebody
130565,200012,□,□,7,32057,第三甲第九十六名,,,load,20130923,,,Delete
130566,200012,□□,□□,4,32057,第三甲第九十六名,,,load,20130923,,,Delete
130575,200017,□□,□□,4,32057,第三甲第一百零四名,,,load,20130923,,,Delete
130591,200025,□□,□□,4,32057,第三甲第一百二十名,,,load,20130923,,,Delete
130597,200028,□Ming,□明,4,32057,第三甲第一百二十四名,,,load,20130923,,,Somebody
130661,200060,□Bo,□博,4,32057,第三甲第一百七十二名,,,load,20130923,,,Somebody
130667,200063,□,□,7,32057,第三甲第一百七十五名,,,load,20130923,,,Delete
130692,200075,Yong□,永□,4,32057,第三甲第一百八十八名,,,load,20130923,,,Somebody
130697,200078,□,□,7,32057,第三甲第一百九十一名,,,load,20130923,,,Delete
130698,200078,Gong□,躬□,4,32057,第三甲第一百九十一名,,,load,20130923,,,Somebody
130714,200086,Ji□,繼□,4,32057,第三甲第二百名,,,load,20130923,,,Somebody
130736,200097,Ting□,廷□,4,32057,第三甲第二百一十二名,,,load,20130923,,,Somebody
130744,200101,Shi□,世□,4,32057,第三甲第二百一十九名,,,load,20130923,,,Somebody
130770,200114,Ming□,明□,4,32057,第三甲第二百三十六名,,,load,20130923,,,Somebody
131107,200283,Yingwen　,應文　,4,32058,第三甲第二十二名,,,load,20130923,,,
131239,200349,Duanben　,端本　,4,32058,第三甲第一百一十四名,,,load,20130923,,,
131599,200531,□□,□□,4,32059,第三甲第七十八名,,,load,20130923,,,Delete
,200627,景伯,Jingbo,4,,,,,peter bol,20230129,,,Interconvert
131931,200697,□,□,7,32060,第二甲第六十六名,,,load,20130923,,,Delete
131932,200697,□□,□□,4,32060,第二甲第六十六名,,,load,20130923,,,Delete
132747,201102,□,□,4,32086,第二甲第三十三名,,,load,20130923,,,Delete
132761,201109,□Tong,□通,4,32086,第二甲第四十二名,,,load,20130923,,,Somebody
132765,201111,□Qing,□慶,4,32086,第二甲第四十五名,,,load,20130923,,,Somebody
132899,201178,□Xin,□心,4,32086,第三甲第五十七名,,,load,20130923,,,Somebody
132923,201190,□□,□□,4,32086,第三甲第七十八名,,,load,20130923,,,Delete
132949,201203,□□,□□,4,32086,第三甲第九十四名,,,load,20130923,,,Delete
132990,201223,Gong□,公□,4,32086,第三甲第一百二十六名,,,load,20130923,,,Somebody
133196,201326,Shi□,十□,7,32062,第二甲第八十一名,,,load,20130923,,,Somebody
133435,201446,□□,□□,4,32062,第三甲第一百八十一名,,,load,20130923,,,Delete
133467,201462,□,□,4,32063,第二甲第十四名,,,load,20130923,,,Delete
133468,201462,□,□,7,32063,第二甲第十四名,,,load,20130923,,,Delete
133469,201463,□,□,7,32063,第二甲第十七名,,,load,20130923,,,Delete
133470,201463,□□,□□,4,32063,第二甲第十七名,,,load,20130923,,,Delete
133471,201464,□□,□□,4,32063,第二甲第十八名,,,load,20130923,,,Delete
133472,201464,□□,□□,7,32063,第二甲第十八名,,,load,20130923,,,Delete
133475,201466,□,□,7,32063,第二甲第二十一名,,,load,20130923,,,Delete
133476,201466,Hong□,弘□,4,32063,第二甲第二十一名,,,load,20130923,,,Somebody
133477,201467,□,□,4,32063,第二甲第二十二名,,,load,20130923,,,Delete
133478,201467,□,□,7,32063,第二甲第二十二名,,,load,20130923,,,Delete
133483,201470,□,□,4,32063,第二甲第二十五名,,,load,20130923,,,Delete
133487,201472,□□,□□,4,32063,第二甲第二十九名,,,load,20130923,,,Delete
133488,201472,□□,□□,7,32063,第二甲第二十九名,,,load,20130923,,,Delete
133489,201473,□,□,4,32063,第二甲第三十名,,,load,20130923,,,Delete
133490,201473,□,□,7,32063,第二甲第三十名,,,load,20130923,,,Delete
133496,201476,Jiao□,較□,4,32063,第二甲第三十三名,,,load,20130923,,,Somebody
133497,201477,□,□,4,32063,第二甲第三十四名,,,load,20130923,,,Delete
133504,201480,Wen□,文□,4,32063,第二甲第四十六名,,,load,20130923,,,Somebody
133511,201484,□,□,4,32063,第二甲第五十四名,,,load,20130923,,,Delete
133516,201486,Jin□,近□,4,32063,第二甲第五十七名,,,load,20130923,,,Somebody
133523,201490,□,□,7,32063,第二甲第六十二名,,,load,20130923,,,Delete
133530,201493,De□,德□,4,32063,第二甲第六十五名,,,load,20130923,,,Somebody
133557,201507,□,□,4,32063,第二甲第八十五名,,,load,20130923,,,Delete
133559,201508,□,□,4,32063,第二甲第八十六名,,,load,20130923,,,Delete
133560,201508,□,□,7,32063,第二甲第八十六名,,,load,20130923,,,Delete
133565,201511,□,□,4,32063,第二甲第八十九名,,,load,20130923,,,Delete
133569,201513,□□,□□,4,32063,第三甲第一名,,,load,20130923,,,Delete
133579,201518,□□,□□,4,32063,第三甲第九名,,,load,20130923,,,Delete
133581,201519,Shi□,世□,4,32063,第三甲第十名,,,load,20130923,,,Somebody
133587,201522,□Yong,□用,4,32063,第三甲第十四名,,,load,20130923,,,Somebody
133593,201525,□,□,7,32063,第三甲第十七名,,,load,20130923,,,Delete
133594,201525,□□,□□,4,32063,第三甲第十七名,,,load,20130923,,,Delete
133595,201526,□,□,7,32063,第三甲第十八名,,,load,20130923,,,Delete
133596,201526,□□,□□,4,32063,第三甲第十八名,,,load,20130923,,,Delete
133639,201548,□□,□□,7,32063,第三甲第五十三名,,,load,20130923,,,Delete
133640,201548,Ben□,本□,4,32063,第三甲第五十三名,,,load,20130923,,,Somebody
133641,201549,□□,□□,4,32063,第三甲第五十四名,,,load,20130923,,,Delete
133653,201555,□□,□□,7,32063,第三甲第六十二名,,,load,20130923,,,Delete
133676,201566,Gong□,工□,4,32063,第三甲第七十八名,,,load,20130923,,,Somebody
133683,201570,□Shi,□實,4,32063,第三甲第八十五名,,,load,20130923,,,Somebody
133688,201572,Er□,二□,4,32063,第三甲第八十九名,,,load,20130923,,,Somebody
133689,201573,□,□,4,32063,第三甲第九十名,,,load,20130923,,,Delete
133691,201574,□,□,4,32063,第三甲第九十三名,,,load,20130923,,,Delete
133692,201574,□,□,7,32063,第三甲第九十三名,,,load,20130923,,,Delete
133699,201578,□,□,4,32063,第三甲第九十八名,,,load,20130923,,,Delete
133700,201578,□,□,7,32063,第三甲第九十八名,,,load,20130923,,,Delete
133705,201581,□Zhi,□之,4,32063,第三甲第一百零三名,,,load,20130923,,,Somebody
133709,201583,□□,□□,4,32063,第三甲第一百零五名,,,load,20130923,,,Delete
133713,201585,□Qing,□卿,4,32063,第三甲第一百零九名,,,load,20130923,,,Somebody
133717,201587,□,□,4,32063,第三甲第一百一十三名,,,load,20130923,,,Delete
133719,201588,□,□,4,32063,第三甲第一百一十四名,,,load,20130923,,,Delete
133720,201588,□,□,7,32063,第三甲第一百一十四名,,,load,20130923,,,Delete
133723,201590,□,□,4,32063,第三甲第一百一十七名,,,load,20130923,,,Delete
133724,201590,□,□,7,32063,第三甲第一百一十七名,,,load,20130923,,,Delete
133729,201593,□,□,4,32063,第三甲第一百二十一名,,,load,20130923,,,Delete
133730,201593,□,□,7,32063,第三甲第一百二十一名,,,load,20130923,,,Delete
133731,201594,□,□,4,32063,第三甲第一百二十二名,,,load,20130923,,,Delete
133732,201594,□,□,7,32063,第三甲第一百二十二名,,,load,20130923,,,Delete
133737,201597,□,□,4,32063,第三甲第一百二十五名,,,load,20130923,,,Delete
133744,201600,Xian□,獻□,4,32063,第三甲第一百三十三名,,,load,20130923,,,Somebody
133753,201605,□□,□□,4,32063,第三甲第一百三十八名,,,load,20130923,,,Delete
133761,201609,□,□,4,32063,第三甲第一百四十二名,,,load,20130923,,,Delete
133769,201613,□□,□□,4,32063,第三甲第一百四十六名,,,load,20130923,,,Delete
133783,201620,□Mei,□美,4,32063,第三甲第一百五十八名,,,load,20130923,,,Somebody
133791,201624,□,□,4,32063,第三甲第一百六十五名,,,load,20130923,,,Delete
133799,201628,□,□,4,32063,第三甲第一百七十名,,,load,20130923,,,Delete
133800,201628,□,□,7,32063,第三甲第一百七十名,,,load,20130923,,,Delete
133802,201629,Yuan□,元□,4,32063,第三甲第一百七十一名,,,load,20130923,,,Somebody
133803,201630,□,□,4,32063,第三甲第一百七十四名,,,load,20130923,,,Delete
133809,201633,□Dong,□東,4,32063,第三甲第一百七十七名,,,load,20130923,,,Somebody
133812,201634,Zi□,子□,4,32063,第三甲第一百七十八名,,,load,20130923,,,Somebody
133819,201638,□,□,4,32063,第三甲第一百八十六名,,,load,20130923,,,Delete
133820,201638,□,□,7,32063,第三甲第一百八十六名,,,load,20130923,,,Delete
133823,201640,□,□,4,32063,第三甲第一百八十九名,,,load,20130923,,,Delete
133834,201645,Shang□,尚□,4,32063,第三甲第一百九十四名,,,load,20130923,,,Somebody
133893,201675,□,□,7,32064,第二甲第三十八名,,,load,20130923,,,Delete
133895,201676,Qishi□,七十□,7,32064,第二甲第四十名,,,load,20130923,,,Somebody
133899,201678,□,□,4,32064,第二甲第四十五名,,,load,20130923,,,Delete
133943,201700,□,□,7,32064,第二甲第八十九名,,,load,20130923,,,Delete
134001,201729,□,□,7,32064,第三甲第三十三名,,,load,20130923,,,Delete
134007,201732,□Yang,□暘,4,32064,第三甲第三十六名,,,load,20130923,,,Somebody
134123,201790,□,□,7,32064,第三甲第一百二十七名,,,load,20130923,,,Delete
134137,201797,□Ning,□寧,4,32064,第三甲第一百四十三名,,,load,20130923,,,Somebody
134142,201799,Wen□,文□,4,32064,第三甲第一百四十六名,,,load,20130923,,,Somebody
134147,201802,□,□,4,32064,第三甲第一百五十一名,,,load,20130923,,,Delete
134154,201805,An□,安□,4,32064,第三甲第一百五十九名,,,load,20130923,,,Somebody
134161,201809,□,□,4,32064,第三甲第一百六十三名,,,load,20130923,,,Delete
134162,201809,□,□,7,32064,第三甲第一百六十三名,,,load,20130923,,,Delete
134171,201814,□Ming,□明,4,32064,第三甲第一百七十一名,,,load,20130923,,,Somebody
134175,201816,□,□,4,32064,第三甲第一百七十三名,,,load,20130923,,,Delete
134177,201817,□,□,4,32064,第三甲第一百七十四名,,,load,20130923,,,Delete
134178,201817,□,□,7,32064,第三甲第一百七十四名,,,load,20130923,,,Delete
134179,201818,□,□,4,32064,第三甲第一百七十五名,,,load,20130923,,,Delete
134180,201818,□,□,7,32064,第三甲第一百七十五名,,,load,20130923,,,Delete
134185,201821,□,□,4,32064,第三甲第一百七十九名,,,load,20130923,,,Delete
134187,201822,□Fu,□甫,4,32064,第三甲第一百八十一名,,,load,20130923,,,Somebody
134189,201823,□,□,4,32064,第三甲第一百八十二名,,,load,20130923,,,Delete
134190,201823,□,□,7,32064,第三甲第一百八十二名,,,load,20130923,,,Delete
134197,201827,□,□,4,32064,第三甲第一百八十七名,,,load,20130923,,,Delete
134219,201838,□Li,□里,4,32064,第三甲第一百九十九名,,,load,20130923,,,Somebody
134223,201840,□Zhi,□之,4,32064,第三甲第二百零二名,,,load,20130923,,,Somebody
134225,201841,□,□,4,32064,第三甲第二百零三名,,,load,20130923,,,Delete
134231,201844,□Wan,□完,4,32064,第三甲第二百零七名,,,load,20130923,,,Somebody
134233,201845,□Zheng,□徵,4,32064,第三甲第二百一十一名,,,load,20130923,,,Somebody
134237,201847,□,□,4,32064,第三甲第二百一十五名,,,load,20130923,,,Delete
134461,201959,□□,□□,4,32065,第三甲第五十名,,,load,20130923,,,Delete
134751,202104,□Gu,□古,4,32087,第二甲第五十四名,,,load,20130923,,,Somebody
134770,202113,Bang□,邦□,4,32087,第二甲第七十名,,,load,20130923,,,Somebody
135210,202334,Er　,二　,7,32083,第二甲第三十三名,,,load,20130923,,,
136310,202799,Yun□,雲□,5,32067,第三甲第二百一十三名,,,load,20130923,,,Somebody
137093,203183,Juqing　,巨卿　,4,32069,第三甲第一百二十二名,,,load,20130923,,,
137107,203190,Gongyin　,公引　,4,32069,第三甲第一百三十二名,,,load,20130923,,,
137110,203191,Junli　,君栗　,4,32069,第三甲第一百三十四名,,,load,20130923,,,
137122,203197,Xuekong　,學孔　,4,32069,第三甲第一百四十五名,,,load,20130923,,,
137193,203232,Cunfu　,存甫　,4,32069,第三甲第一百九十八名,,,load,20130923,,,
137233,203252,Xuanfan　,玄範　,4,32069,第三甲第二百二十一名,,,load,20130923,,,
137241,203256,Er　,二　,7,32070,第二甲第四名,,,load,20130923,,,
137257,203263,Er　,二　,7,32070,第二甲第十六名,,,load,20130923,,,
137273,203271,Er　,二　,7,32070,第二甲第三十名,,,load,20130923,,,
137287,203278,Er　,二　,7,32070,第二甲第三十七名,,,load,20130923,,,
137307,203287,Chaowen　,朝文　,4,32070,第二甲第四十八名,,,load,20130923,,,
137403,203334,Yingwen　,應文　,4,32070,第三甲第二十三名,,,load,20130923,,,
137414,203340,Liu　,六　,7,32070,第三甲第三十三名,,,load,20130923,,,
137477,203371,Zongyu　,宗裕　,4,32070,第三甲第七十一名,,,load,20130923,,,
138039,203645,Ru□,汝□,4,32088,第三甲第一百五十六名,,,load,20130923,,,Somebody
138894,204070,Lunbo　,掄伯　,4,32072,第三甲第一百三十二名,,,load,20130923,,,
140188,204707,□Chang,□昌,4,32044,第三甲第五十八名,,,load,20130923,,,Somebody
140213,204719,Jiwen　,季文　,4,32075,第二甲第八名,,,load,20130923,,,
140242,204734,Liu　,六　,7,32075,第二甲第三十名,,,load,20130923,,,
140251,204738,Hengru　,衡如　,4,32075,第二甲第三十六名,,,load,20130923,,,
140257,204741,Zizhen　,子珎　,4,32075,第二甲第四十名,,,load,20130923,,,
140407,204816,Liu　,六　,7,32075,第三甲第五十三名,,,load,20130923,,,
140433,204829,Liu　,六　,7,32075,第三甲第六十六名,,,load,20130923,,,
140489,204857,Liu　,六　,7,32075,第三甲第一百零九名,,,load,20130923,,,
141449,205337,□Zhen,□貞,4,32077,第三甲第一百五十一名,,,load,20130923,,,Somebody
141906,205565,Er　,二　,7,32089,第三甲第八十二名,,,load,20130923,,,
142271,205747,Er　,二　,7,32089,第三甲第三百二十一名,,,load,20130923,,,
143790,206505,Yi　,一　,7,32090,第二甲第三十五名,,,load,20130923,,,
143841,206530,Mingfu　,明輔　,4,32090,第三甲第七名,,,load,20130923,,,
144106,206663,□Wen,□文,4,32090,第三甲第一百六十九名,,,load,20130923,,,Somebody
144358,206789,Er　,二　,7,32081,第三甲第三十八名,,,load,20130923,,,
144939,207048,□□,□□,5,32091,第三甲第九十七名,,,load,20130923,,,Delete
145078,207093,Yi□,憶□,5,32091,第三甲第一百四十三名,,,load,20130923,,,Somebody
145095,207099,Qing□,晴□,5,32091,第三甲第二百四十九名,,,load,20130923,,,Somebody
145138,207113,Jie□,節□,5,32091,第三甲第一百二十四名,,,load,20130923,,,Somebody
145200,207134,Shan□,善□,4,32091,第三甲第二百七十三名,,,load,20130923,,,Somebody
145216,207139,Ming□,明□,5,32091,第三甲第二百四十名,,,load,20130923,,,Somebody
145326,207176,Xin□,新□,5,32091,第二甲第六十三名,,,load,20130923,,,Somebody
145371,207191,Wu□,五□,5,32091,第三甲第一百四十四名,,,load,20130923,,,Somebody
145490,207231,□Qi,□齊,5,32091,第三甲第四十九名,,,load,20130923,,,Somebody
145499,207234,□,□,7,32091,第三甲第一百五十六名,,,load,20130923,,,Delete
145586,207263,□Quan,□泉,5,32091,第三甲第一百五十四名,,,load,20130923,,,Somebody
145606,207269,Wan□,萬□,5,32091,第三甲第一百四十一名,,,load,20130923,,,Somebody
145649,207284,□,□,4,32091,,,,load,20130923,,,Delete
145650,207284,□,□,5,32091,,,,load,20130923,,,Delete
145651,207284,□,□,7,32091,,,,load,20130923,,,Delete
145652,207285,□,□,4,32091,,,,load,20130923,,,Delete
145653,207285,□,□,5,32091,,,,load,20130923,,,Delete
145654,207285,□,□,7,32091,,,,load,20130923,,,Delete
145661,207288,□,□,7,32091,,,,load,20130923,,,Delete
145662,207288,□Bo,□伯,4,32091,,,,load,20130923,,,Somebody
145681,207301,□Qing,□慶,4,32045,,,,load,20130923,,,Somebody
145688,207304,Ting□,廷□,4,32045,,,,load,20130923,,,Somebody
145689,207305,□Zhe,□哲,4,32045,,,,load,20130923,,,Somebody
145693,207307,□Bin,□賓,4,32045,,,,load,20130923,,,Somebody
145695,207308,□Yan,□顏,4,32045,,,,load,20130923,,,Somebody
145701,207311,□□,□□,4,32045,,,,load,20130923,,,Delete
145706,207314,□Zhang,□璋,4,32045,,,,load,20130923,,,Somebody
145708,207315,□Ze,□則,4,32045,,,,load,20130923,,,Somebody
145712,207317,□Jing,□敬,4,32045,,,,load,20130923,,,Somebody
145715,207318,Cong□,從□,4,32045,,,,load,20130923,,,Somebody
145716,207319,□Zhe,□哲,4,32045,,,,load,20130923,,,Somebody
145718,207320,□□,□□,4,32045,,,,load,20130923,,,Delete
145720,207321,□□,□□,4,32045,,,,load,20130923,,,Delete
145722,207322,□Shen,□深,4,32045,,,,load,20130923,,,Somebody
145726,207324,□□,□□,4,32045,,,,load,20130923,,,Delete
145728,207325,□□,□□,4,32045,,,,load,20130923,,,Delete
145734,207328,□□,□□,4,32045,,,,load,20130923,,,Delete
145737,207329,Xi□,習□,4,32045,,,,load,20130923,,,Somebody
145738,207330,□□,□□,4,32045,,,,load,20130923,,,Delete
145740,207331,□□,□□,4,32045,,,,load,20130923,,,Delete
145744,207333,□□,□□,4,32045,,,,load,20130923,,,Delete
145747,207334,Li□,利□,4,32045,,,,load,20130923,,,Somebody
145750,207336,□,□,7,32045,,,,load,20130923,,,Delete
145751,207336,□□,□□,4,32045,,,,load,20130923,,,Delete
145752,207337,□□,□□,4,32045,,,,load,20130923,,,Delete
145755,207338,Chang□,常□,4,32045,,,,load,20130923,,,Somebody
145758,207340,□□,□□,4,32045,,,,load,20130923,,,Delete
145760,207341,□□,□□,4,32045,,,,load,20130923,,,Delete
145762,207342,□Fang,□芳,4,32045,,,,load,20130923,,,Somebody
145768,207345,□□,□□,4,32045,,,,load,20130923,,,Delete
145770,207346,□□,□□,4,32045,,,,load,20130923,,,Delete
145773,207347,Wen□,文□,4,32045,,,,load,20130923,,,Somebody
145774,207348,□,□,7,32045,,,,load,20130923,,,Delete
145775,207348,□□,□□,4,32045,,,,load,20130923,,,Delete
145778,207350,□Fang,□方,4,32045,,,,load,20130923,,,Somebody
145782,207352,□Ming,□明,4,32045,,,,load,20130923,,,Somebody
145784,207353,□□,□□,4,32045,,,,load,20130923,,,Delete
145788,207355,□□,□□,4,32045,,,,load,20130923,,,Delete
145790,207356,□□,□□,4,32045,,,,load,20130923,,,Delete
145797,207359,Yong□,用□,4,32045,,,,load,20130923,,,Somebody
145802,207362,□□,□□,4,32045,,,,load,20130923,,,Delete
145810,207369,Jiao□,交□,4,32094,,,,load,20130923,,,Somebody
145811,207370,Xi□,西□,4,32094,,,,load,20130923,,,Somebody
145824,207383,Taichu　,太初　,4,32094,,,,load,20130923,,,
145834,207393,Shi□,石□,4,32094,,,,load,20130923,,,Somebody
145861,207421,□Sheng,□生,4,32094,,,,load,20130923,,,Somebody
145892,207452,Jian□,見□,4,32094,,,,load,20130923,,,Somebody
145898,207458,Chengxi　,澄溪　,4,32094,,,,load,20130923,,,
145902,207462,Ru□,如□,4,32094,,,,load,20130923,,,Somebody
145924,207484,Lianyun　,聯雲　,4,32094,,,,load,20130923,,,
145936,207497,□Nan,□南,4,32094,,,,load,20130923,,,Somebody
145972,207534,□Tang,□棠,4,32094,,,,load,20130923,,,Somebody
145973,207535,Jiewu　,節吾　,4,32094,,,,load,20130923,,,
145986,207548,□Han,□函,4,32094,,,,load,20130923,,,Somebody
145990,207552,Huaping　,華平　,4,32094,,,,load,20130923,,,
145996,207558,Qin□,欽□,4,32094,,,,load,20130923,,,Somebody
146008,207570,Shi□,石□,4,32094,,,,load,20130923,,,Somebody
146017,207579,Wanchu　,完初　,4,32094,,,,load,20130923,,,
146026,207588,Huaibai　,懷白　,4,32094,,,,load,20130923,,,
146028,207590,Xianwu　,憲吾　,4,32094,,,,load,20130923,,,
146029,207591,□Ming,□銘,4,32094,,,,load,20130923,,,Somebody
146036,207598,□Wu,□吾,4,32094,,,,load,20130923,,,Somebody
146039,207601,□Shan,□山,4,32094,,,,load,20130923,,,Somebody
146056,207618,□□,□□,4,32094,,,,load,20130923,,,Delete
146060,207623,□Wu,□吾,4,32094,,,,load,20130923,,,Somebody
146067,207628,□□,□□,4,32092,,,,load,20130923,,,Delete
146073,207630,□□,□□,4,32092,,,,load,20130923,,,Delete
146079,207632,□□,□□,4,32092,,,,load,20130923,,,Delete
146116,207644,□Yu,□愚,5,32092,,,,load,20130923,,,Somebody
146134,207650,□Meng,□盟,5,32092,,,,load,20130923,,,Somebody
146147,207654,Dong□,動□,4,32092,,,,load,20130923,,,Somebody
146220,207679,Zi□,子□,4,32092,,,,load,20130923,,,Somebody
146225,207681,□Feng,□風,5,32092,,,,load,20130923,,,Somebody
146308,207708,Ji□,季□,4,32092,,,,load,20130923,,,Somebody
146465,207761,Shi□,世□,4,32092,,,,load,20130923,,,Somebody
146466,207761,Ai□,愛□,5,32092,,,,load,20130923,,,Somebody
146779,207888,Bo□,伯□,4,32046,,,,load,20130923,,,Somebody
146949,207973,□□,□□,4,32047,,,,load,20130923,,,Delete
147707,338694,Qi□,起□,5,32091,第二甲第二十五名,,,load,20130923,,,Somebody
0,340288,Zhonghe,仲 和,0,0,,,,peter bol,20190301,,,Blank
,355408,彥鵬,1,4,2066,Igid=1197330,,,李铮,20210724,,,
148554,361623,Zheng Xiu　,鄭秀　,3,38286,1475,,,load,20150202,,,
149209,387471,福五,Fuwu,7,27144,31.512,,胡助： 宋氏世譜記,PBOL,20170425,,,Interconvert
0,438092,F.Josephuscastiglione,F. Josephus Castiglione,3,9602,16246,,中國天主教史人物傳清代篇,load,20180519,,,
0,438092,F.Josephuscastiglioni,F. Josephus Castiglioni,3,9602,16246,,中國天主教史人物傳清代篇,load,20180519,,,
0,438092,F.Josephuscastilhoni,F. Josephus Castilhoni,3,9602,16246,,中國天主教史人物傳清代篇,load,20180519,,,
,438254,Ershangong,爾 山弓,4,9602,16546,,明史稿列傳 3冊,load,20180519,,,Blank
,438843,Zhou ding礽,[n/a],3,9602,17655,,漢籍電子文獻資料庫-四明叢書．雪交亭正氣錄 3卷,load,20180519,,,
,533875,Yuan□,元□,4,58275,1789,,,load,20211129,,,Somebody
,550542,□zhi,□直,4,57942,lgid=1036889,,,Liangsilu,20210812,,,Somebody
,556786,轉華,1,5,2066,Igid=1197625,,,李铮,20220221,,,
,557481,Wen,文□,4,2066,Igid=1197753,,,李铮,20220401,,,Somebody
,559260,Yongjiajun,永嘉君 ,3,59365,cbdb_lineid=2941,,,load,20220512,,,Blank