﻿c_personid,c_personid_name_chn,c_kin_id,c_kin_id_name_chn,c_kin_code,c_kin_id_female,c_kinrel_chn,c_kinrel,,,,,
3968,王雱,1762,王安石,75,0,父,F,王雱是王安石的儿子,,,,
1762,王安石,3968,王雱,180,0,子,S,,,,,
,,,,,,,,,,,,
王安石 是 王雱 的父亲，则一定存在，王雱 是 王安石 的女儿 或 儿子，如果没有（缺失），或者是出现 王雱 是 王安石 的其他关系，不在成对表里的关系c_kincode、c_kin_pair1、c_kin_pair2（矛盾）,,,,,,,,,,,,
,,,,,,,,,,,,
,,,,,,,,,,,,
c_kincode,c_kin_pair1,c_kin_pair2,c_kin_pair_notes,c_kinrel_chn,c_kinrel,c_kinrel_alt,c_pick_sorting,c_upstep,c_dwnstep,c_marstep,c_colstep,c_kinrel_simplified
75,180,176,,父,F,F Father,-1,1,0,0,0,F
180,75,111,,子,S,S Son,5,0,1,0,0,S
176,75,111,,女兒,D,D,6,0,1,0,0,D
111,180,176,,母,M,M Mother,-3,1,0,0,0,M