c_kin_code,c_kinrel_chn,c_kin_code_num
135,妻子,23752
134,丈夫,27467
180,子,87539
176,女兒,4729
210,族子,324
182,長子; 第一子,4394
183,次子,3572
75,父,86509
111,母,17971
48,曾祖,19701
369,曾祖母,160
62,祖父,27479
370,祖母,567
131,從兄,521
177,從子;姪子,3140
253,曾姪孫;從曾孫,160
240,姪孫;從孫,556
87,第一任妻父,190
39,高祖;四世祖,1283
181,女婿,6969
79,從父;伯叔父,2723
179,外甥,180
125,兄,56081
126,弟,56083
184,三子,1963
243,孫,26925
76,岳父,7664
397,五世祖;高曾祖,437
130,從弟,509
117,姻親,298
63,妻之祖父,621
188,季子,124
118,兄弟,1167
332,長女婿,542
119,從兄弟;堂兄弟,653
186,過繼的嗣子,343
28,九世祖;太高曾祖,122
244,孫女婿,692
255,曾孫; 重孫,19269
196,七子,157
251,孫女,1124
138,第一任妻,621
163,第二任妻,2812
185,四子,1049
436,養子(非嗣子),47
191,五子,588
333,二女婿,473
338,三女婿,279
269,同族五世孫,12
385,妻弟,63
263,玄孫;四世孫,1231
206,九子,62
199,八子,87
195,十子,37
2,直系祖先,1044
96,第四任妻父,7
92,第三任妻父,39
97,族父,315
220,幸存的長子,30
64,從祖;伯叔祖,492
162,姊妹夫,81
374,姊妹,207
159,妹夫,115
238,外孫,206
193,獨子,358
424,兄弟之妻,139
194,六子,300
303,直系後裔,1082
66,外祖父,276
245,姪孫女之夫,11
88,第二任妻父,233
252,外孫女之子,17
77,母舅,193
149,自謂...之後,5
198,唯一幸存的兒子,43
250,族孫,112
157,堂姊妹之夫,10
150,同母異父弟,11
98,繼父,45
173,連襟;妻姊妹之夫,35
107,養父,48
137,妻兄,95
80,妻之叔伯,67
304,同族晚輩,164
398,五世孫;來孫,438
356,六女婿,23
336,四女婿,143
337,五女婿,81
178,姪女之夫,79
197,得許娶其女,40
256,曾孫女婿,50
403,表兄,39
330,從女;姪女,154
344,第三任妻,32
214,繼子,3970
50,曾伯叔祖;從曾祖,158
169,妹,789
36,六世祖;太祖,393
207,十一子,29
144,族弟,62
272,六世孫;昆孫,394
396,子婦;兒媳,527
239,外孫女婿,8
378,嗣母,58
277,七世孫;仍孫,267
439,過繼的嗣孫,22
281,九世孫,123
375,繼母,3945
0,未詳,359
271,從來孫,16
73,"族祖父;族父的父親,即祖父的堂兄弟",109
325,族兄弟,202
165,長兄,140
248,得許娶其孫女,7
430,弟之外孫,6
152,內兄弟;妻兄弟,61
327,長女,173
347,曾孫女,582
266,玄孫女婿,5
279,八世孫;雲孫,175
467,第四任妻  ,5
14,二十七世祖,3
283,十一世孫,39
29,八世祖;太高祖,175
420,嫡母,730
38,同族六世祖,11
321,族姊妹之夫,5
416,從妹,42
47,同族五世祖,12
31,七世祖;太曾祖,270
168,妾,329
201,第二任女婿,24
357,七女婿,7
121,舅表兄弟,6
136,姐夫,83
67,岳母之父,7
132,再從弟,18
4,同族長輩,167
167,再從兄弟,22
156,妻之堂兄弟,9
86,許妻以女,40
453,八女,5
364,岳母,362
275,同族六世孫,11
516,伯;伯父,149
22,十四世祖,18
312,第三任妻之祖,4
305,同族晚輩之夫,2
52,外曾祖父,20
335,五女,18
232,甥女婿;姊妹之女婿,13
74,第二任妻之祖,20
460,族祖姑,7
254,曾姪孫女婿,2
282,十世孫,72
226,私生子,726
82,嗣父,282
517,叔;叔父,274
400,伯叔母,75
127,姑表弟,8
221,十二子,9
147,族人(輩分不詳),104
65,妻之叔伯祖,11
410,表弟,34
557,妻子的祖母,23
329,三女,76
301,直系後裔之夫,6
286,十四世孫,18
323,妾之兄弟,2
90,第一任妻之叔伯,7
473,六世從孫; 姪昆孫,4
560,嗣子(作為繼承人的兒子),1307
224,第一任女婿,16
19,十七世祖,9
284,十二世孫,28
285,十三世孫,24
49,妻之曾祖,50
166,季弟,45
376,繼女,15
230,二女,163
33,五世叔伯祖,16
365,姨;從母,46
459,姪孫女,18
259,再從曾孫;堂姪曾孫,4
294,二十七世孫,3
72,第一任妻之祖,20
91,第二任妻之叔伯,3
10,四十二世祖,2
474,太伯叔祖;六世叔伯祖,4
519,叔祖;叔祖父,36
366,甥女,49
415,舅表弟,3
288,十六世孫,6
143,族兄,68
278,兄弟之八世孫,7
475,從七世孫,5
532,堂姊妹之子,4
6,妻之同族祖先,3
522,二十四世孫,1
142,岳母之外甥;妻之姨表兄弟,1
24,十二世祖,28
432,父之外祖,6
368,玄孫女,57
426,姑父,20
21,十五世祖,7
164,姊,700
308,第一任妻之堂兄弟,1
309,第二任妻之堂兄弟,1
358,八女婿,4
25,十一世祖,39
26,十世祖,71
128,舅表兄,7
411,表兄弟,10
331,姑母,159
395,翁;公公;丈夫之父,355
342,未婚夫,84
434,夫之從子,61
346,第二任丈夫,32
345,第一任丈夫,29
93,族姑,16
425,夫之兄弟,105
151,同母異父兄,11
383,妻姊,23
307,十四子,17
341,未婚妻,86
414,表姐妹,7
94,妻之母舅,13
363,私生子之本生父,10
235,二十一子,2
211,二十子,5
212,十七子,7
213,二十三子,1
104,姪女未婚夫之父,48
419,族姊妹,11
141,姨表姊妹之夫,1
171,繼弟,10
292,十九世孫,7
290,十七世孫,9
100,妾之父,17
112,第五任妻父,2
315,妾之叔伯,1
334,四女,31
451,六女,10
452,七女,6
455,十女,2
456,十一女,2
457,十二女,2
450,十三女,2
458,十四女,2
23,十三世祖,25
204,庶子,10
421,表姪,11
428,甥孫,3
133,再從兄,13
40,妻之高祖,5
205,十三子,11
202,二十五子,2
229,十六子,6
234,十五子,5
440,嗣祖父,21
372,外孫女,86
105,妻之姨夫,3
70,許妻以孫女,7
172,繼兄,11
287,十五世孫,7
472,始祖;始遷祖,38
429,外祖父之兄弟,8
427,舅公;父或母之舅,4
291,十八世孫,6
16,十九世祖,7
401,妻之從子,17
406,姨表兄弟,11
11,三十八世祖,2
51,妻之曾叔伯祖,2
289,十七世孫婿,1
431,姨表姊妹;從母妹,6
343,獨女,9
461,族姊,4
471,族女  ,7
447,後裔(自稱),4
464,孫之妻  ,55
153,第二任妻兄弟,4
30,八世叔伯祖,7
222,二十四子,1
231,二十二子,2
320,妻之族兄弟姊妹,5
58,曾祖之從兄弟;再從曾祖,4
223,妻之甥女婿,3
298,四十二世孫,2
340,四十六世孫,2
299,四十三世孫,1
554,五十五世孫,12
552,五十三世孫,7
555,五十六世孫,2
553,五十四世孫,8
158,第二任妻兄,2
393,四十四世祖,2
391,四十五世祖,6
387,五十世祖,2
360,四十六世祖,6
9,四十三世祖,1
392,四十五世孫,1
260,同族四世孫,6
46,同族四世祖,6
8,第一任妻之直系祖先,1
418,曾姪孫女,2
20,十六世祖,8
18,妻之十七世祖,1
469,祖姑  ,18
515,表親,14
297,三十八世孫,2
351,二十世孫,6
17,十八世祖,6
462,族妹,6
563,本生祖,5
389,四十七世祖,1
437,養母,15
377,私生子女之本生母,716
359,九女婿,2
570,非親生母,5
476,七世伯叔祖,5
492,堂舅;母亲的叔伯兄弟,5
350,二十世祖,6
352,二十一世祖,4
572,妾之子,7
568,非親生子,7
353,二十一世孫,4
339,十八子,3
326,十九子,3
518,伯祖;伯祖父,30
384,妻妹,20
349,二十三世孫,2
348,二十三世祖,2
371,外祖母,20
390,四十七世孫,1
527,五十七世孫,4
445,再從孫;堂姪孫,24
468,庶母  ,15
42,外高祖父,7
355,三十六世孫,1
354,三十六世祖,1
265,曾孫女之子,7
399,丈夫之母;婆婆,182
417,從姊,27
422,表叔伯,8
423,夫之姐妹,36
454,九女,2
386,妻之姊妹,10
433,外孫之子,5
435,夫之從女,10
504,夫堂姪,5
538,堂伯叔母,4
514,表姐妹婿,4
413,表妹,18
412,表姐,13
545,妻之表兄弟姊妹,4
466,夫之祖母  ,13
465,夫之祖父  ,43
558,妻之姑母,3
536,夫之姪孫;夫之從孫,4
103,兒子未婚妻之伯叔父,47
470,曾祖姑  ,2
546,姨父,4
227,養女,13
13,三十世祖,1
500,伯叔祖母姪,1
510,曾祖母姪,1
511,祖母姪,1
505,妻舅祖,1
493,外玄孫,2
567,前母,4
499,伯叔祖母,4
580,表姑,1
405,姑表兄弟,4
550,五十五世祖,14
548,五十三世祖,5
551,五十六世祖,2
549,五十四世祖,8
482,二十四世祖,1
565,繼祖,10
573,妾之女,1
487,五十七世祖,4
367,高祖母,6
571,非親生父,1
362,繼兄弟,1
361,繼姊妹,1
402,妻之從女,3
508,姪媳婦,3
540,,3
556,妻之外甥女,1
566,繼孫子,8
27,九世叔伯祖,2
579,再從子;堂姪,2
584,嗣祖母,2
559,第三任丈夫,4
3,妻之直系祖先,5
521,夫之曾祖,15
444,族曾祖,3
407,姨表弟,3
547,妻之外甥,3
32,妻之七世祖,1
544,HZSS / HZSD / HZDS / HZDD,2
564,私生孫,6
404,姑表兄,3
408,姨表兄,2
561,妻之五世祖,3
170,同母異父兄弟,2
569,非親生女,1
481,曾孫媳婦,13
380,繼妹,1
443,族曾孫,3
446,祖父之從兄弟;再從祖,23
276,七世孫婿,1
562,五世孫婿,1
574,從姊妹,2
295,三十世孫,1
537,姑父之姪孫;姑父之從孫,1
542,姑母之曾孫;姑表兄弟之孫,1
543,姑母之孫;姑表兄弟之子,1
539,外甥孫婿,1
533,曾祖母之父,2
280,兄弟之九世孫,2
